"DOCTNMBR","AGENCY","ACCDDATE","ACCDHOUR","COUNTY","CNTYCODE","MUNICIPALITY","MUNITYPE","MUNICODE","ONRDWY","ONRDWYDIR","ATRDWY","INTDIS","INTDIR","LATITUDE","LONGITUDE","INJSVR","TOTFATL","TOTINJ","TOTVEH","MNRCOLL","ACCDTYPE","AGGRFLAG","ATVFLAG","BIKEFLAG","BUSFLAG","CMVFLAG","CONSZONE","DEERFLAG","DISTRCTD","IMPAIRED","INTRFLAG","LANEDP1U","LANEDP2U","MCYCFLAG","OCCPPROT","PEDFLAG","SPEEDFLAG","TEENDRVR","65+DRVR","GOVTPROP"
01L0655JNG,"MADISON POLICE DEPARTMENT","01/28/2017","21","DANE","13","MADISON","C","1373","ERIN ST","","CROSSOVER USH 151","0","","43.059886","-89.400846","C","0","1","1","2","4","","","Y","","","","","","","Y","","","","Y","","","","",""
01L02RXHKB,"MADISON POLICE DEPARTMENT","02/21/2017","7","DANE","13","MADISON","C","1373","TREE LN","","MINERAL POINT RD","0","","43.060647","-89.519792","B","0","1","1","5","4","","","Y","","","","","","","Y","","","","","","","","",""
01L0X84FBK,"MADISON POLICE DEPARTMENT","02/26/2017","14","DANE","13","MADISON","C","1373","WILLIAMSON ST","","CROSSOVER USH 151",".01","E","43.076157","-89.375416","A","0","1","1","5","4","","","Y","","","","","Y","","Y","","","","","","","","",""
01L06ZV8W2,"MADISON POLICE DEPARTMENT","02/28/2017","21","DANE","13","MADISON","C","1373","UNIVERSITY AVE","","N PARK ST","0","","0","0","B","0","1","1","1","4","","","Y","","","","","","","Y","","","","","","","","",""
01L067MLW4,"MADISON POLICE DEPARTMENT","03/18/2017","22","DANE","13","MADISON","C","1373","151 N SHORE DR","N","JOHN NOLEN DR","0","","43.066971","-89.385906","O","0","0","1","1","4","","","Y","","","","","Y","","Y","","","","","","","","Y",""
01L07FFP3W,"MADISON POLICE DEPARTMENT","03/20/2017","8","DANE","13","MADISON","C","1373","012 RAMP USH 12 TO SCHROEDER RD","E","SCHROEDER RD","0","","43.0465","-89.475001","B","0","1","1","5","1","","","Y","","","","","","","Y","","","","","","","","",""
01L0W3KD7S,"MADISON POLICE DEPARTMENT","03/21/2017","7","DANE","13","MADISON","C","1373","ABERG AVE","","SHOPKO DR","0","","43.110623","-89.346794","B","0","1","1","1","9","","","Y","","","","","","","Y","","","","","","","","",""
01L0TS2D6W,"MADISON POLICE DEPARTMENT","03/28/2017","20","DANE","13","MADISON","C","1373","W WASHINGTON AVE","","N BROOM ST","0","","43.071302","-89.388827","B","0","1","1","1","4","","","Y","","","","","Y","","Y","","","","","","","","",""
01L0W78HK6,"MADISON POLICE DEPARTMENT","04/08/2017","20","DANE","13","MADISON","C","1373","S GAMMON RD","","SCHROEDER RD","0","","43.046219","-89.503227","C","0","1","1","5","1","","","Y","","","","","","","Y","","","","","","","","",""
01L02PGFBH,"MADISON POLICE DEPARTMENT","04/10/2017","14","DANE","13","MADISON","C","1373","UNIVERSITY AVE","","N RANDALL AVE","0","","43.073284","-89.409005","C","0","1","1","2","4","","","Y","","","","","Y","","Y","","","","","","","","",""
01L0X84FBZ,"MADISON POLICE DEPARTMENT","04/10/2017","13","DANE","13","MADISON","C","1373","W JOHNSON ST","","N PARK ST","0","","43.072127","-89.400607","B","0","1","1","2","1","","","Y","","","","","","","Y","","","","","","","","",""
01L0W78HK7,"MADISON POLICE DEPARTMENT","04/11/2017","8","DANE","13","MADISON","C","1373","FLAMBEAU RD","","MS","0","","43.077976","-89.470077","B","0","1","1","5","4","","","Y","","","","","","","Y","","","","","","","","",""
01L05Z0C41,"MADISON POLICE DEPARTMENT","04/14/2017","23","DANE","13","MADISON","C","1373","S BROOM ST","","W WASHINGTON AVE","0","","43.071311","-89.388945","C","0","1","1","1","4","","","Y","","","","","","","Y","","","","","","","","",""
01L07K4SGB,"MADISON POLICE DEPARTMENT","04/20/2017","17","DANE","13","MADISON","C","1373","RAMP USH 12 TO S GAMMON RD","W","CONNECTOR USH 12 TO S GAMMON R","0","","43.053892","-89.502602","B","0","1","1","1","4","","","Y","","","","","","","Y","","","","","","","","",""
01L00W4SGH,"MADISON POLICE DEPARTMENT","04/25/2017","15","DANE","13","MADISON","C","1373","VONDRON RD","","DOLORES DR","0","","43.070216","-89.291449","B","0","1","1","5","1","","","Y","","","","","","","Y","","","","","","","","Y",""
01L0XBLHKM,"MADISON POLICE DEPARTMENT","04/26/2017","14","DANE","13","MADISON","C","1373","151 N SHORE DR","N","JOHN NOLEN DR","0","","43.066971","-89.385905","C","0","1","1","1","9","","","Y","","","","","","","Y","","","","","","","","",""
01L0WHWRB3,"MADISON POLICE DEPARTMENT","04/29/2017","21","DANE","13","MADISON","C","1373","W JOHNSON ST","","N LAKE ST","0","","43.072023","-89.397461","B","0","1","1","5","36","","","Y","","","","","","","Y","","","","","","","","",""
01L06H1TKH,"MADISON POLICE DEPARTMENT","05/01/2017","12","DANE","13","MADISON","C","1373","N RANDALL AVE","","UNIVERSITY AVE","0","","43.073257","-89.409004","B","0","1","1","1","4","","","Y","","","","","","","Y","","","","","","","","",""
59L05Z0C3D,"UW POLICE - MADISON","05/04/2017","20","DANE","13","MADISON","C","1373","LINDEN DR","","BABCOCK DR","0","","43.075168","-89.41273","B","0","1","1","5","4","","","Y","","","","","","","Y","","","","","","","","",""
01L0C0TWS9,"MADISON POLICE DEPARTMENT","05/05/2017","17","DANE","13","MADISON","C","1373","UNIVERSITY AVE","","N LAKE ST","0","","43.073142","-89.397437","C","0","1","1","5","1","","","Y","","","","","","","Y","","","","","","","","",""
01L03W8HKX,"MADISON POLICE DEPARTMENT","05/10/2017","18","DANE","13","MADISON","C","1373","S MIDVALE BLVD","","ODANA RD","0","","43.050125","-89.451118","B","0","1","1","7","1","","","Y","","","","","","","Y","","Y","","","","","","Y",""
01L067MLWT,"MADISON POLICE DEPARTMENT","05/26/2017","16","DANE","13","MADISON","C","1373","HAWTHORNE CT","","UNIVERSITY AVE","0","","43.073322","-89.396612","C","0","1","1","5","4","","","Y","","","","","","","Y","","","","","","","","",""
01L0CJWD6R,"MADISON POLICE DEPARTMENT","05/30/2017","17","DANE","13","MADISON","C","1373","N WINGRA DR","","HAYWOOD DR","0","","43.056827","-89.403692","B","0","1","1","5","4","","","Y","","","","","","","Y","","","","","","","","",""
01L0WTS26Q,"MADISON POLICE DEPARTMENT","05/30/2017","18","DANE","13","MADISON","C","1373","WINNEBAGO ST","","RIVERSIDE DR","0","","43.088443","-89.357984","B","0","1","1","5","1","","","Y","","","","","","","Y","","","","","","","","",""
01L05QT5LB,"MADISON POLICE DEPARTMENT","06/01/2017","18","DANE","13","MADISON","C","1373","ABERG AVE","","LOFTSGORDON","0","","0","0","B","0","1","1","5","25","","","Y","","","","","","","Y","","Y","","","","","","",""
01L0X5NC4L,"MADISON POLICE DEPARTMENT","06/14/2017","14","DANE","13","MADISON","C","1373","N BLOUNT ST","","E GORHAM ST","0","","43.082535","-89.380518","C","0","1","1","5","4","","","Y","","","","","Y","","Y","","","","","","","","",""
01L03W8HLM,"MADISON POLICE DEPARTMENT","06/30/2017","11","DANE","13","MADISON","C","1373","ODANA RD","","TOKAY BLVD","0","","43.051408","-89.481405","B","0","1","1","5","1","","","Y","","","","","","","Y","","","","","","","","Y",""
01L0713B1J,"MADISON POLICE DEPARTMENT","07/03/2017","14","DANE","13","MADISON","C","1373","FREMONT AVE","","FARRAGUT ST","0","","43.117722","-89.364916","B","0","1","1","5","1","","","Y","","","","","","","Y","","","","","","","","",""
01L0C5S27J,"MADISON POLICE DEPARTMENT","07/11/2017","13","DANE","13","MADISON","C","1373","151 S PARK ST","S","W WINGRA DR","0","","43.049217","-89.394125","B","0","1","1","5","4","","","Y","","","","","","","Y","","","","","","","","",""
01L0D7W13C,"MADISON POLICE DEPARTMENT","07/13/2017","15","DANE","13","MADISON","C","1373","N HAMILTON ST","","E JOHNSON ST","0","","43.079042","-89.383896","B","0","1","1","6","1","","","Y","","","","","","","Y","","Y","","","","","","",""
01L0WSK14L,"MADISON POLICE DEPARTMENT","07/20/2017","16","DANE","13","MADISON","C","1373","151 E WASHINGTON AVE","N","CROSSOVER USH 151","0","","43.098338","-89.351035","B","0","1","1","6","4","","","Y","","","","","","","Y","","Y","","","","","","Y",""
01L0245WSZ,"MADISON POLICE DEPARTMENT","07/22/2017","12","DANE","13","MADISON","C","1373","FRITZ AVENUE","","UNIVERSITY AVENUE","0","","0","0","B","0","1","1","1","4","","","Y","","","","","Y","","Y","","","","","","","","",""
01L0778HK9,"MADISON POLICE DEPARTMENT","07/28/2017","12","DANE","13","MADISON","C","1373","OLD SAUK RD","","JUNCTION RD","0","","43.074824","-89.526984","B","0","1","1","6","1","","","Y","","","","","Y","","Y","","Y","","","","","","",""
01L07K4SH7,"MADISON POLICE DEPARTMENT","08/01/2017","18","DANE","13","MADISON","C","1373","RAYMOND RD","","CAMERON DR","0","","43.031917","-89.48314","C","0","1","1","5","1","","","Y","","","","","","","Y","","","","","","","","",""
01L0WHWRBB,"MADISON POLICE DEPARTMENT","08/03/2017","13","DANE","13","MADISON","C","1373","N RANDALL AVE","","ENGINEERING DR",".02","N","43.072473","-89.408995","B","0","1","1","5","9","","","Y","","","","","","","Y","","","","","","","","Y",""
01L0CMCGGP,"MADISON POLICE DEPARTMENT","08/04/2017","15","DANE","13","MADISON","C","1373","MANCHESTER RD","","PD",".01","S","43.015587","-89.490782","B","0","1","1","5","1","","","Y","","","","","","","Y","","","","","","","","",""
01L0W3KD95,"MADISON POLICE DEPARTMENT","08/08/2017","8","DANE","13","MADISON","C","1373","N BEDFORD ST","","W WASHINGTON AVE","0","","43.068907","-89.392546","B","0","1","1","5","4","","","Y","","","","","","","Y","","","","","","","","Y",""
01L1C3B00F,"MADISON POLICE DEPARTMENT","08/11/2017","16","DANE","13","MADISON","C","1373","N LAKE ST","","W DAYTON ST","0","","43.070901","-89.397499","B","0","1","1","5","1","","","Y","","","","","","","Y","","","","","","","","",""
01L02PGFBZ,"MADISON POLICE DEPARTMENT","08/17/2017","2","DANE","13","MADISON","C","1373","PARR ST","","CROSSOVER USH 151",".02","E","43.05702","-89.398363","B","0","1","1","5","4","","","Y","","","","","","","Y","","","","","","","","Y",""
5QL08F2KRF,"SHOREWOOD HILLS POLICE DEPARTM","09/07/2017","13","DANE","13","MADISON","C","1373","LOCUST DR","","HIGHBURY RD","0","","43.076901","-89.448772","B","0","1","1","5","4","","","Y","","","","","","","Y","","","","","","","","",""
01L04K13DC,"MADISON POLICE DEPARTMENT","09/11/2017","15","DANE","13","MADISON","C","1373","NELSON RD","","CONNECTOR USH 151 TO NELSON RD","0","","43.144538","-89.28263","C","0","1","1","5","4","","","Y","","","","","","","Y","","","","","","","","",""
01L0WHWRBF,"MADISON POLICE DEPARTMENT","09/12/2017","14","DANE","13","MADISON","C","1373","DIVISION ST","","EASTWOOD DR","0","","43.092487","-89.351043","B","0","1","1","1","4","","","Y","","","","","","","Y","","","","","","","","",""
01L021PTJX,"MADISON POLICE DEPARTMENT","09/13/2017","8","DANE","13","MADISON","C","1373","UNIVERSITY AVE","","N RANDALL AVE","0","","43.073374","-89.409008","B","0","1","1","5","4","","","Y","","","","","","","Y","","","","","","","","",""
01L1C3B00M,"MADISON POLICE DEPARTMENT","09/15/2017","19","DANE","13","MADISON","C","1373","RUSSELL ST","","EASTWOOD DR","0","","43.090536","-89.354561","C","0","1","1","5","1","","","Y","","","","","","","Y","","","","","","","","",""
01L07K4SHX,"MADISON POLICE DEPARTMENT","09/18/2017","8","DANE","13","MADISON","C","1373","N RANDALL AVE","","UNIVERSITY AVE","0","","43.07329","-89.409005","B","0","1","1","5","4","","","Y","","","","","","","Y","","","","","","","","",""
01L04K13DJ,"MADISON POLICE DEPARTMENT","09/20/2017","17","DANE","13","MADISON","C","1373","BB","","DAVIDSON ST","0","","43.082715","-89.324489","B","0","1","1","5","4","","","Y","","","","","Y","","Y","","","","","","","","",""
59L05JN00F,"UW POLICE - MADISON","09/20/2017","7","DANE","13","MADISON","C","1373","OBSERVATORY DR","","WALNUT ST","0","","43.076881","-89.425074","B","0","1","1","1","4","","","Y","","","","","","","Y","","","","","","","","",""
01L0WQ2XW1,"MADISON POLICE DEPARTMENT","09/22/2017","15","DANE","13","MADISON","C","1373","UNIVERSITY AVE","","N RANDALL AVE","0","","43.073284","-89.409005","A","0","1","1","5","4","","","Y","","","","","Y","","Y","","","","","","Y","","",""
01L07MLVP4,"MADISON POLICE DEPARTMENT","09/25/2017","17","DANE","13","MADISON","C","1373","COMMERCIAL AVE","","NORTH LAWN AVE","0","","43.106784","-89.345332","B","0","1","1","5","1","","","Y","","","","","","","Y","","","","","","","","",""
01L0NMQKV4,"MADISON POLICE DEPARTMENT","09/30/2017","12","DANE","13","MADISON","C","1373","051","S","AB","0","","43.073378","-89.309913","A","0","1","1","5","4","","","Y","","","","","","","Y","","","","","","","","Y",""
01L021PTK9,"MADISON POLICE DEPARTMENT","10/02/2017","20","DANE","13","MADISON","C","1373","UNIVERSITY AVE","","N MILLS ST","0","","43.073315","-89.404096","O","0","0","1","1","4","","","Y","","","","","Y","","Y","","","","","","","","",""
01L0X84FD7,"MADISON POLICE DEPARTMENT","10/04/2017","7","DANE","13","MADISON","C","1373","S FIRST ST","","EASTWOOD DR","0","","43.089852","-89.356067","B","0","1","1","5","4","","","Y","","","","","","","Y","","","","","","","","",""
01L07K4SJ2,"MADISON POLICE DEPARTMENT","10/06/2017","16","DANE","13","MADISON","C","1373","HIGHLAND AVE","","VAN HISE AVE","0","","43.06982","-89.428641","B","0","1","1","3","1","","","Y","","","","","","","Y","","Y","","","","","","",""
01L0597RBX,"MADISON POLICE DEPARTMENT","10/08/2017","17","DANE","13","MADISON","C","1373","W BADGER RD","","D","0","","43.038615","-89.403949","A","0","1","1","2","1","","","Y","","","","","","","Y","","","","Y","","","","",""
01L044NQ88,"MADISON POLICE DEPARTMENT","10/10/2017","18","DANE","13","MADISON","C","1373","UNIVERSITY AVE","","N MILLS ST","0","","43.073224","-89.404094","B","0","1","1","5","9","","","Y","","","","","","","Y","","","","","","","Y","",""
5JL192T5NH,"TOWN OF MADISON POLICE DEPT","10/19/2017","17","DANE","13","MADISON","T","1316","MM","","MC",".01","S","43.046584","-89.374385","C","0","1","3","2","1","","","Y","","","","","","","Y","","","","","","","","",""
01L0X1Z7RS,"MADISON POLICE DEPARTMENT","10/20/2017","21","DANE","13","MADISON","C","1373","E JOHNSON ST","","N FRANKLIN ST","0","","43.080048","-89.382453","C","0","1","1","5","4","","","Y","","","","","","","Y","","","","","","","","",""
01L021PTKM,"MADISON POLICE DEPARTMENT","10/27/2017","21","DANE","13","MADISON","C","1373","N WEBSTER ST","","E WASHINGTON AVE","0","","43.076129","-89.382119","C","0","1","1","5","1","","","Y","","","","","","","Y","","","","","","","","Y",""
01L0C884H5,"MADISON POLICE DEPARTMENT","11/07/2017","17","DANE","13","MADISON","C","1373","DIVISION ST","","EASTWOOD DR","0","","43.092368","-89.351046","C","0","1","1","5","1","","","Y","","","","","","","Y","","","","","","","","",""
01L0C0TWTV,"MADISON POLICE DEPARTMENT","11/13/2017","20","DANE","13","MADISON","C","1373","W WILSON ST","","S BROOM ST",".01","S","43.069075","-89.386242","O","0","0","1","2","4","","","Y","","","","","Y","","Y","","","","","","","","",""
01L0WQ2XW6,"MADISON POLICE DEPARTMENT","11/28/2017","18","DANE","13","MADISON","C","1373","E MIFFLIN ST","","N HANCOCK ST","0","","43.07825","-89.381454","O","0","0","1","3","1","","","Y","","","","","","","Y","","Y","","","","","","",""
01L05QT5MQ,"MADISON POLICE DEPARTMENT","11/30/2017","8","DANE","13","MADISON","C","1373","UNIVERSITY AVE","","N PARK ST","0","","43.073263","-89.400532","C","0","1","1","5","4","","","Y","","","","","","","Y","","","","","","","","",""
59L04VWD6R,"UW POLICE - MADISON","12/05/2017","17","DANE","13","MADISON","C","1373","WALNUT ST (2)","","OBSERVATORY DR (1)","0","N","43.076679","-89.425343","B","0","1","1","6","1","","","Y","","","","","","","Y","","Y","","","","","","Y",""
01L0W8HJNQ,"MADISON POLICE DEPARTMENT","12/12/2017","6","DANE","13","MADISON","C","1373","113 1ST ST","S","E JOHNSON ST (1)",".01","E","43.094106","-89.361984","B","0","1","1","5","4","","","Y","","","","","","","Y","","","","","","","","",""
01L04FB02J,"MADISON POLICE DEPARTMENT","01/10/2018","19","DANE","13","MADISON","C","1373","DIVISION ST","","EASTWOOD DR","0","","43.092462","-89.351089","B","0","1","1","5","1","","","Y","","","","","Y","","Y","","","","","","","","",""
01L0F68VP2,"MADISON POLICE DEPARTMENT","02/01/2018","8","DANE","13","MADISON","C","1373","E JOHNSON ST (1)","S","113","0","","43.094171","-89.362076","O","0","0","1","5","4","","","Y","","","","","","","Y","","","","Y","","","","",""
01L0X84FFV,"MADISON POLICE DEPARTMENT","02/24/2018","19","DANE","13","MADISON","C","1373","UNIVERSITY AVE","","N FRANCES ST","0","","43.073187","-89.395831","B","0","1","1","5","1","","","Y","","","","","","","Y","","","","","","","","",""
01L0CS9LXT,"MADISON POLICE DEPARTMENT","02/27/2018","16","DANE","13","MADISON","C","1373","N BASSETT ST","","W DAYTON ST","0","","43.071596","-89.392659","B","0","1","1","6","4","","","Y","","","","","","","Y","","Y","","","","","","",""
01L0W78HMJ,"MADISON POLICE DEPARTMENT","03/10/2018","22","DANE","13","MADISON","C","1373","MINERAL POINT RD","","S GAMMON RD","0","","0","0","A","0","1","1","1","4","","","Y","","","","","Y","","Y","","","","","","","","",""
01L07MLVQR,"MADISON POLICE DEPARTMENT","03/16/2018","7","DANE","13","MADISON","C","1373","E JOHNSON ST (1)","","NORTH ST",".01","E","43.103244","-89.350216","B","0","1","1","1","4","","","Y","","","","","","","Y","","","","","","","","",""
01L0CR2KRW,"MADISON POLICE DEPARTMENT","03/21/2018","8","DANE","13","MADISON","C","1373","S. BROOKS ST.","","ERIN ST.","0","","0","0","A","0","1","1","5","9","","","Y","","Y","","","","","Y","","","","","","","","",""
5JL192T5Q8,"TOWN OF MADISON POLICE DEPT","03/23/2018","6","DANE","13","MADISON","T","1316","GRANDVIEW BLVD","","W BELTLINE FRONTAGE RD S (1)",".01","S","43.035016","-89.433431","B","0","1","1","5","4","","","Y","","","","","Y","","Y","","","","","","","","Y",""
01L048CTLT,"MADISON POLICE DEPARTMENT","04/05/2018","21","DANE","13","MADISON","C","1373","UNIVERSITY AVE","","BROOKS ST","0","","0","0","B","0","1","1","5","1","","","Y","","","","","","","Y","","","","","","","","",""
01L07LCTMN,"MADISON POLICE DEPARTMENT","04/25/2018","19","DANE","13","MADISON","C","1373","ALLIED DR","","LOVELL LN",".01","N","43.026916","-89.459741","B","0","1","1","1","4","","","Y","","","","","","","Y","","","","","","","","",""
01L0FZQKRM,"MADISON POLICE DEPARTMENT","04/27/2018","8","DANE","13","MADISON","C","1373","WILLIAMSON ST","","S LIVINGSTON ST","0","","43.078228","-89.371483","C","0","1","1","1","4","","","Y","","","","","","","Y","","","","Y","","","","",""
59L06WD6N8,"UW POLICE - MADISON","05/02/2018","7","DANE","13","MADISON","C","1373","OBSERVATORY DR (2)","","WALNUT ST (1)","0","","43.076794","-89.425071","O","0","0","1","6","1","","","Y","","","","","","","Y","","Y","","","","","","Y",""
01L0580QBW,"MADISON POLICE DEPARTMENT","05/07/2018","8","DANE","13","MADISON","C","1373","W OLIN AVE","","LAKE CT (1)","0","","43.053839","-89.387101","B","0","1","1","5","1","","","Y","","","","","","","Y","","","","","","","","","Y"
01L0W3KDBB,"MADISON POLICE DEPARTMENT","05/14/2018","8","DANE","13","MADISON","C","1373","113 PACKERS AVE","S","N SIXTH ST","0","","43.103551","-89.3583","B","0","1","1","5","4","","","Y","","","","","","","Y","","","","","","","","",""
01L07MLVR7,"MADISON POLICE DEPARTMENT","05/17/2018","7","DANE","13","MADISON","C","1373","N SECOND ST","N","113","0","","43.095489","-89.36039","B","0","1","1","5","4","","","Y","","","","","Y","","Y","","","","","","","","",""
01L0245WVQ,"MADISON POLICE DEPARTMENT","05/24/2018","7","DANE","13","MADISON","C","1373","VERONA FRONTAGE ROAD","","SOUTH WEST BIKE PATH","0","","0","0","C","0","1","1","5","1","","","Y","","","","","","","Y","","","","","","","","Y",""
01L091L4GL,"MADISON POLICE DEPARTMENT","05/31/2018","15","DANE","13","MADISON","C","1373","E WASHINGTON AVE","S","151 S BLAIR ST","0","","43.07851","-89.378694","A","0","1","1","6","1","","","Y","","","","","","","Y","","Y","","","","","","",""
01L067MM0T,"MADISON POLICE DEPARTMENT","05/31/2018","17","DANE","13","MADISON","C","1373","N PINCKNEY ST","","E JOHNSON ST (1)",".01","N","43.077745","-89.385866","B","0","1","1","5","4","","","Y","","","","","Y","","Y","","","","","","","","",""
01L048CTMJ,"MADISON POLICE DEPARTMENT","06/05/2018","16","DANE","13","MADISON","C","1373","PARK STREET","","ERIN STREET","0","S","0","0","O","0","0","1","5","1","","","Y","","","","","","","Y","","","","","","","","",""
02L0XWW18J,"DANE COUNTY SHERIFF","06/10/2018","12","DANE","13","MADISON","C","1373","COMMERCIAL AVE","","FAIR OAKS AVE",".01","E","43.106255","-89.330499","A","0","1","1","5","4","","","Y","","","","","","","Y","","","","","","","","",""
01L0778HLN,"MADISON POLICE DEPARTMENT","06/12/2018","16","DANE","13","MADISON","C","1373","W GORHAM ST","","N HENRY ST",".01","E","43.075467","-89.390747","A","0","1","1","6","1","","","Y","","","","","Y","","Y","","Y","","","","","","",""
01L0CR2KSG,"MADISON POLICE DEPARTMENT","06/13/2018","15","DANE","13","MADISON","C","1373","N PARK ST","","W DAYTON ST",".01","N","43.071062","-89.40075","B","0","1","1","5","1","","","Y","","","","","Y","","Y","","","","","","","","",""
01L0DG26PT,"MADISON POLICE DEPARTMENT","06/13/2018","7","DANE","13","MADISON","C","1373","W DAYTON ST","","N FRANCES ST","0","","43.070862","-89.395904","B","0","1","1","1","4","","","Y","","","","","Y","","Y","","","","","","","","",""
01L0CJWD8J,"MADISON POLICE DEPARTMENT","06/19/2018","17","DANE","13","MADISON","C","1373","S RANDALL AVE","","DRAKE ST","0","","43.062019","-89.408992","C","0","1","1","5","1","","","Y","","","","","","","Y","","","","","","","","Y",""
01L0CVRP6W,"MADISON POLICE DEPARTMENT","06/28/2018","11","DANE","13","MADISON","C","1373","MONROE ST","","N RANDALL AVE",".01","W","43.070087","-89.409136","B","0","1","1","1","4","","","Y","","","","","","","Y","","","","","","","","",""
01L0580QCB,"MADISON POLICE DEPARTMENT","06/29/2018","15","DANE","13","MADISON","C","1373","FISH HATCHERY RD","","W WINGRA DR","0","","43.050311","-89.399909","A","0","1","1","1","9","","","Y","","","","","","","Y","","","","","","","","",""
01L0X9CGGG,"MADISON POLICE DEPARTMENT","07/03/2018","16","DANE","13","MADISON","C","1373","E JOHNSON ST (1)","","N PINCKNEY ST","0","W","43.077652","-89.385843","B","0","1","1","5","1","","","Y","","","","","Y","","Y","","","","","","","","",""
01L0CF691M,"MADISON POLICE DEPARTMENT","07/08/2018","19","DANE","13","MADISON","C","1373","PFLAUM RD","","BB MONONA DR","0","","43.062176","-89.326174","B","0","1","1","1","4","","","Y","","","","","Y","","Y","","","","","","","","",""
01L0WSK182,"MADISON POLICE DEPARTMENT","07/10/2018","11","DANE","13","MADISON","C","1373","ATWOOD AVE","","DENNETT DR","0","","43.088413","-89.328098","B","0","1","1","5","4","","","Y","","","","","","","Y","","","","","","","","Y",""
01L0DG26Q4,"MADISON POLICE DEPARTMENT","07/11/2018","8","DANE","13","MADISON","C","1373","W JOHNSON ST","","N BASSETT ST","0","","43.072271","-89.393543","B","0","1","1","1","1","","","Y","","","","","Y","","Y","","","","","","","","",""
01L0F3SSH1,"MADISON POLICE DEPARTMENT","07/12/2018","16","DANE","13","MADISON","C","1373","HAMMERSLEY RD","","S WHITNEY WAY","0","","43.039163","-89.477616","B","0","1","1","5","4","","","Y","","","","","","","Y","","","","","","","","",""
01L0X1Z7V7,"MADISON POLICE DEPARTMENT","07/19/2018","17","DANE","13","MADISON","C","1373","E JOHNSON ST","","N PINCKNEY ST","0","","43.077687","-89.38579","A","0","1","1","5","1","","","Y","","","","","Y","","Y","","","","","","","","",""
01L0C0TWW9,"MADISON POLICE DEPARTMENT","07/25/2018","21","DANE","13","MADISON","C","1373","MACARTHUR RD","N","151 E WASHINGTON AVE",".01","E","43.117278","-89.323589","C","0","1","1","1","4","","","Y","","","","","","","Y","","","","","","","","",""
01L0VXM7Z3,"MADISON POLICE DEPARTMENT","07/26/2018","16","DANE","13","MADISON","C","1373","151 S PARK ST","N","VILAS AVE (1)",".01","S","43.063039","-89.400694","O","0","0","1","5","1","","","Y","","","","","","","Y","","","","","","","","",""
01L0G74SG8,"MADISON POLICE DEPARTMENT","07/26/2018","22","DANE","13","MADISON","C","1373","E GORHAM ST","","N PATERSON ST",".02","W","43.08488","-89.377328","C","0","1","1","2","4","","","Y","","","","","","","Y","","","","","","","","",""
01L06ZV8ZS,"MADISON POLICE DEPARTMENT","07/26/2018","1","DANE","13","MADISON","C","1373","EAST CAMPUS MALL","","W JOHNSON ST","0","N","43.072118","-89.399089","B","0","1","1","5","4","","","Y","","","","","","","Y","","","","","","","","",""
01L0BK8HP8,"MADISON POLICE DEPARTMENT","07/27/2018","14","DANE","13","MADISON","C","1373","EAGAN RD","","EAST TOWNE BLVD","0","","43.125175","-89.309076","B","0","1","1","5","4","","","Y","","","","","","","Y","","","","Y","","","","",""
01L0BTWRB2,"MADISON POLICE DEPARTMENT","07/30/2018","8","DANE","13","MADISON","C","1373","N PATERSON ST","","E MIFFLIN ST","0","","43.083159","-89.374479","B","0","1","1","5","4","","","Y","","","","","Y","","Y","","","","","","","","",""
01L0W3KDBQ,"MADISON POLICE DEPARTMENT","08/03/2018","12","DANE","13","MADISON","C","1373","051 N STOUGHTON RD","N","151 E WASHINGTON AVE",".02","N","43.117324","-89.32438","C","0","1","1","1","4","","","Y","","","","","","","Y","","","","","","","","",""
G2L0532KRM,"STATE CAPITOL POLICE DEPT","08/08/2018","18","DANE","13","MADISON","C","1373","N BROOKS ST","","UNIVERSITY AVE","0","S","43.073223","-89.402481","B","0","1","1","5","1","","","Y","","","","","Y","","Y","","","","","","","","",""
01L0X9CGGW,"MADISON POLICE DEPARTMENT","08/08/2018","8","DANE","13","MADISON","C","1373","N BROOM ST","","W JOHNSON ST","0","","43.073489","-89.39172","O","0","0","1","5","1","","","Y","","","","","Y","","Y","","","","","","","","",""
01L0BXCTJZ,"MADISON POLICE DEPARTMENT","08/10/2018","17","DANE","13","MADISON","C","1373","FISH HATCHERY RD","","N WINGRA DR","0","","43.050311","-89.399909","B","0","1","1","5","1","","","Y","","","","","","","Y","","","","","","","","",""
01L0XBLHM5,"MADISON POLICE DEPARTMENT","08/15/2018","7","DANE","13","MADISON","C","1373","WILLIAMSON ST","N","151 JOHN NOLEN DR",".01","E","43.076137","-89.375512","C","0","1","1","2","4","","","Y","","","","","","","Y","","","","","","","","",""
01L0FV1GG7,"MADISON POLICE DEPARTMENT","08/17/2018","22","DANE","13","MADISON","C","1373","FISH HATCHERY RD","","N WINGRA DR","0","","0","0","B","0","1","1","1","1","","","Y","","","","","","","Y","","","","","","","","",""
01L0G74SGJ,"MADISON POLICE DEPARTMENT","08/17/2018","18","DANE","13","MADISON","C","1373","LAKELAND AVE","","MILLER AVE","0","","43.089966","-89.343689","B","0","1","1","5","1","","","Y","","","","","","","Y","","","","","","","","",""
59L04R68WF,"UW POLICE - MADISON","08/23/2018","7","DANE","13","MADISON","C","1373","OBSERVATORY DR (1)","","WILLOW DR","0","","43.076497","-89.418471","B","0","1","1","5","1","","","Y","","","","","","","Y","","","","","","","","",""
01L0DWMLZX,"MADISON POLICE DEPARTMENT","08/23/2018","9","DANE","13","MADISON","C","1373","S PINCKNEY ST","","E WASHINGTON AVE","0","","43.075448","-89.383077","C","0","1","1","1","4","","","Y","","","","","","","Y","","","","","","","","",""
01L0G9LVN9,"MADISON POLICE DEPARTMENT","08/25/2018","15","DANE","13","MADISON","C","1373","KROPF AVE","","HUXLEY ST","0","","43.116215","-89.359218","B","0","1","1","5","1","","","Y","","","","","","","Y","","","","","","","","Y",""
01L0CVRP7C,"MADISON POLICE DEPARTMENT","08/30/2018","7","DANE","13","MADISON","C","1373","CAMPUS DR","","N RANDALL AVE","0","","43.072802","-89.408989","B","0","1","1","5","4","","","Y","","","","","","","Y","","","","","","","","",""
01L0245WWD,"MADISON POLICE DEPARTMENT","08/30/2018","18","DANE","13","MADISON","C","1373","SNOWY PKWY","","PD","0","S","43.015829","-89.515116","B","0","1","1","5","4","","","Y","","","","","","","Y","","","","","","","Y","",""
01L0CVRP7D,"MADISON POLICE DEPARTMENT","08/31/2018","20","DANE","13","MADISON","C","1373","151 S PARK ST","N","W WINGRA DR","0","","43.049202","-89.393954","A","0","1","1","1","4","","","Y","","","","","","","Y","","","","","","","","",""
59L068VN6P,"UW POLICE - MADISON","09/02/2018","15","DANE","13","MADISON","C","1373","W DAYTON ST","","N FRANCES ST","0","W","43.070856","-89.396002","O","0","0","1","5","1","","","Y","","","","","","","Y","","","","","","","","",""
01L0FSSFC9,"MADISON POLICE DEPARTMENT","09/05/2018","7","DANE","13","MADISON","C","1373","FEMRITE DR","","DAIRY DR","0","","43.05152","-89.29603","B","0","1","1","5","4","","","Y","","","","","","","Y","","","","","","","","",""
01L044NQ9N,"MADISON POLICE DEPARTMENT","09/10/2018","8","DANE","13","MADISON","C","1373","N BEDFORD ST","","W WASHINGTON AVE",".01","N","43.068963","-89.392618","C","0","1","1","5","4","","","Y","","","","","","","Y","","","","","","","","",""
01L0DWMM04,"MADISON POLICE DEPARTMENT","09/10/2018","15","DANE","13","MADISON","C","1373","N RANDALL AVE","","UNIVERSITY AVE",".01","S","43.073263","-89.409004","B","0","1","1","5","1","","","Y","","","","","","","Y","","","","","","","","",""
59L06B3P3M,"UW POLICE - MADISON","09/11/2018","13","DANE","13","MADISON","C","1373","OBSERVATORY DR (1)","","ELM DR","0","W","43.076475","-89.416008","B","0","1","1","5","1","","","Y","","","","","","","Y","","","","","","","","Y",""
01L073KD9W,"MADISON POLICE DEPARTMENT","09/11/2018","16","DANE","13","MADISON","C","1373","REGENT ST","","HIGHLAND AVE",".01","W","43.067971","-89.428903","B","0","1","1","5","4","","","Y","","","","","","","Y","","","","","","","","",""
01L07LCTNQ,"MADISON POLICE DEPARTMENT","09/14/2018","14","DANE","13","MADISON","C","1373","N RANDALL AVE","","W DAYTON ST","0","","43.071078","-89.408989","B","0","1","1","5","1","","","Y","","","","","","","Y","","","","","","","","",""
01L07MLVS8,"MADISON POLICE DEPARTMENT","09/16/2018","23","DANE","13","MADISON","C","1373","UNIVERSITY AVE","","N PARK ST",".01","W","43.073267","-89.400791","B","0","1","1","6","1","","","Y","","","","","","","Y","","Y","","","","","","",""
01L0FZQKT4,"MADISON POLICE DEPARTMENT","09/17/2018","9","DANE","13","MADISON","C","1373","MINERAL POINT RD (1)","","S SEGOE RD",".01","E","43.060887","-89.457391","A","0","1","1","1","1","","","Y","","","","","","","Y","","","","","","","","Y",""
01L0F7HWSR,"MADISON POLICE DEPARTMENT","09/20/2018","17","DANE","13","MADISON","C","1373","UNIVERSITY AVE","","N RANDALL AVE","0","W","43.073374","-89.409025","B","0","1","1","5","1","","","Y","","","","","Y","","Y","","","","","","","","",""
01L0FZQKT7,"MADISON POLICE DEPARTMENT","09/23/2018","22","DANE","13","MADISON","C","1373","N PARK ST","","W DAYTON ST","0","","43.070963","-89.400753","O","0","0","1","1","4","","","Y","","","","","","","Y","","","","","","","","Y",""
5JL18F2KXG,"TOWN OF MADISON POLICE DEPT","09/24/2018","9","DANE","13","MADISON","T","1316","012","E","D FISH HATCHERY RD",".02","W","43.033302","-89.407884","B","0","1","1","5","1","","","Y","","","","","Y","","Y","","","","","","","","",""
01L0713B3H,"MADISON POLICE DEPARTMENT","09/26/2018","7","DANE","13","MADISON","C","1373","NORTH ST","S","151","0","","43.100424","-89.348808","B","0","1","1","5","1","","","Y","","","","","","","Y","","","","","","","","",""
01L0FJ55KK,"MADISON POLICE DEPARTMENT","09/27/2018","12","DANE","13","MADISON","C","1373","113 PACKERS AVE","S","MANLEY ST","0","","43.123955","-89.355217","B","0","1","1","5","1","","","Y","","","","","Y","","Y","","","","","","","","",""
01L0245WWP,"MADISON POLICE DEPARTMENT","09/27/2018","11","DANE","13","MADISON","C","1373","S PARK ST","","REGENT ST",".01","S","43.067485","-89.400971","C","0","1","1","6","4","","","Y","","","","","","","Y","","Y","","","","","","",""
01L0FZQKT8,"MADISON POLICE DEPARTMENT","09/27/2018","19","DANE","13","MADISON","C","1373","W DAYTON ST","","N MILLS ST","0","","43.070992","-89.404093","B","0","1","1","5","1","","","Y","","","","","","","Y","","","","","","","","",""
01L07MLVSF,"MADISON POLICE DEPARTMENT","10/03/2018","17","DANE","13","MADISON","C","1373","UNIVERSITY AVE","","N LAKE ST","0","","43.073212","-89.397435","B","0","2","1","5","1","","","Y","","","","","","","Y","","","","","","","","",""
01L0FSSFCW,"MADISON POLICE DEPARTMENT","10/17/2018","5","DANE","13","MADISON","C","1373","EAST SPRINGS DR","","EAST TOWNE BLVD","0","","43.130914","-89.301811","B","0","1","1","2","1","","","Y","","","","","","","Y","","","","","","","","Y",""
01L0TS2DC8,"MADISON POLICE DEPARTMENT","10/22/2018","19","DANE","13","MADISON","C","1373","MILWAUKEE ST","","CORRY ST","0","","43.100002","-89.345021","B","0","1","1","1","1","","","Y","","","","","","","Y","","","","Y","","","","",""
01L0245WX5,"MADISON POLICE DEPARTMENT","11/02/2018","13","DANE","13","MADISON","C","1373","MINERAL POINT ROAD","","S GAMMON ROAD","0","","0","0","B","0","1","1","1","1","","","Y","","","","","Y","","Y","","","","","","","","Y",""
01L0CJWD93,"MADISON POLICE DEPARTMENT","11/05/2018","17","DANE","13","MADISON","C","1373","N MILLS ST","","UNIVERSITY AVE","0","","43.073315","-89.404096","C","0","1","1","5","1","","","Y","","","","","","","Y","","","","","","","","",""
01L0CR2KTQ,"MADISON POLICE DEPARTMENT","11/27/2018","8","DANE","13","MADISON","C","1373","WILLIAMSON ST","","S BLOUNT ST",".01","W","43.076907","-89.373395","O","0","0","1","6","1","","","Y","","","","","","","Y","","Y","","","","","","",""
01L0C0TWX9,"MADISON POLICE DEPARTMENT","11/29/2018","12","DANE","13","MADISON","C","1373","UNIVERSITY AVE","","N RANDALL AVE","0","","43.073374","-89.409008","C","0","1","1","5","1","","","Y","","","","","","","Y","","","","Y","","","","",""
01L05M4292,"MADISON POLICE DEPARTMENT","12/07/2018","22","DANE","13","MADISON","C","1373","PORTAGE RD","S","151 E WASHINGTON AVE",".01","N","43.123903","-89.314715","B","0","1","1","5","4","","","Y","","","","","","","Y","","","","","","","","",""
01L068VN0K,"MADISON POLICE DEPARTMENT","12/17/2018","7","DANE","13","MADISON","C","1373","151 N SHORE DR","N","JOHN NOLEN DR",".02","W","43.066964","-89.386071","C","0","1","1","5","1","","","Y","","","","","Y","","Y","","","","","","","","",""
01L01JWD75,"MADISON POLICE DEPARTMENT","12/27/2018","13","DANE","13","MADISON","C","1373","SCHOOL RD","N","113","0","","43.138145","-89.383094","C","0","1","1","5","1","","","Y","","","","","","","Y","","","","Y","","","","",""
01L0G0ZLXZ,"MADISON POLICE DEPARTMENT","03/06/2019","12","DANE","13","MADISON","C","1373","BRAXTON PL","","S PARK ST","0","E","43.066321","-89.400782","B","0","1","1","5","9","","","Y","","","","","","","Y","","","","","","","","",""
01L06XM7Z4,"MADISON POLICE DEPARTMENT","03/13/2019","6","DANE","13","MADISON","C","1373","DIVISION ST","","ATWOOD AVE",".01","E","43.092732","-89.35132","C","0","1","1","5","4","","","Y","","","","","","","Y","","","","","","","","",""
01L067MM38,"MADISON POLICE DEPARTMENT","04/03/2019","19","DANE","13","MADISON","C","1373","UNIVERSITY AVE","","N PARK ST","0","","43.073265","-89.400686","B","0","1","1","7","4","","","Y","","","","","","","Y","","Y","","","","","","",""
01L0TS2DJC,"MADISON POLICE DEPARTMENT","04/05/2019","4","DANE","13","MADISON","C","1373","N PARK ST","","UNIVERSITY AVE","0","","43.073265","-89.400686","B","0","1","1","0","4","","","Y","","","","","","","Y","","","","Y","","","","",""
01L0F7HWTX,"MADISON POLICE DEPARTMENT","04/20/2019","14","DANE","13","MADISON","C","1373","N MILLS ST","","W DAYTON ST",".01","S","43.070836","-89.404084","O","0","0","1","5","4","","","Y","","","","","","","Y","","","","","","","","",""
01L0G9LVQJ,"MADISON POLICE DEPARTMENT","05/12/2019","11","DANE","13","MADISON","C","1373","DIVISION ST","","EASTWOOD DR",".01","S","43.092368","-89.351046","B","0","1","1","1","1","","","Y","","","","","","","Y","","","","","","","","Y",""
01L0X1Z7XX,"MADISON POLICE DEPARTMENT","05/16/2019","13","DANE","13","MADISON","C","1373","S BLOUNT ST","","E MAIN ST","0","","43.078935","-89.375813","C","0","1","1","5","4","","","Y","","","","","","","Y","","","","","","Y","","",""
01L0TVJ8VP,"MADISON POLICE DEPARTMENT","05/17/2019","19","DANE","13","MADISON","C","1373","TREE LN","","MINERAL POINT RD (1)",".01","N","43.060644","-89.519838","O","0","0","1","5","4","","","Y","","","","","","","Y","","","","","","","","",""
01L0D6N052,"MADISON POLICE DEPARTMENT","06/07/2019","15","DANE","13","MADISON","C","1373","S WESTFIELD RD","","N WESTFIELD RD",".01","S","43.068695","-89.508751","B","0","1","1","1","4","","","Y","","","","","","","Y","","","","","","","","Y",""
01L0W3KDDN,"MADISON POLICE DEPARTMENT","06/09/2019","22","DANE","13","MADISON","C","1373","151 E WASHINGTON AVE","N","LIEN RD (1)","0","","43.121275","-89.317804","A","0","1","1","5","4","","","Y","","","","","","","Y","","","","","","","","",""
01L0DJJ914,"MADISON POLICE DEPARTMENT","06/09/2019","16","DANE","13","MADISON","C","1373","ZIEGLER RD","","CONLIN ST","0","","43.10862","-89.305996","B","0","1","1","5","1","","","Y","","","","","","","Y","","","","","","","Y","",""
01L0245X0M,"MADISON POLICE DEPARTMENT","06/10/2019","7","DANE","13","MADISON","C","1373","TOKAY BLVD","","TOGSTAD GLENN","0","","43.053586","-89.452435","C","0","1","1","5","1","","","Y","","","","","","","Y","","","","","","","","",""
01L07MLVVK,"MADISON POLICE DEPARTMENT","06/16/2019","17","DANE","13","MADISON","C","1373","INTERNATIONAL LN (1)","N","113 PACKERS AVE",".01","S","43.121616","-89.354808","A","0","1","1","5","1","","","Y","","","","","","","Y","","","","","","","","",""
01L0FC7145,"MADISON POLICE DEPARTMENT","06/19/2019","15","DANE","13","MADISON","C","1373","S THORNTON AVE","","WILLIAMSON ST","0","W","43.087973","-89.358454","O","0","0","1","0","32","","","Y","","","","","","","Y","","Y","","","","","","",""
01L0CVRPB4,"MADISON POLICE DEPARTMENT","06/22/2019","21","DANE","13","MADISON","C","1373","WILLIAMSON ST","","S PATERSON ST","0","","43.079495","-89.369649","B","0","1","1","5","4","","","Y","","","","","","","Y","","","","","","","","",""
01L01JWD8G,"MADISON POLICE DEPARTMENT","06/25/2019","8","DANE","13","MADISON","C","1373","151 E WASHINGTON AVE","N","030",".03","W","43.106391","-89.33965","C","0","1","1","5","1","","","Y","","","","","","","Y","","","","","","","","",""
01L0GPZ7T5,"MADISON POLICE DEPARTMENT","06/25/2019","17","DANE","13","MADISON","C","1373","E JOHNSON ST (1)","","N HAMILTON ST",".01","W","43.078863","-89.384146","B","0","1","1","5","1","","","Y","","","","","","","Y","","","","","","","","",""
01L0245X0S,"MADISON POLICE DEPARTMENT","07/02/2019","7","DANE","13","MADISON","C","1373","ST DUNSTAN DRIVE","","ASBURY BIKE PATH","0","","0","0","C","0","1","1","5","4","","","Y","","","","","","","Y","","","","","","","","Y",""
01L0FC714D,"MADISON POLICE DEPARTMENT","07/03/2019","20","DANE","13","MADISON","C","1373","E MIFFLIN ST","","N FRANKLIN ST","0","","43.078747","-89.380717","A","0","1","1","5","1","","","Y","","","","","","","Y","","","","","","","","Y",""
01L0DH97TQ,"MADISON POLICE DEPARTMENT","07/09/2019","21","DANE","13","MADISON","C","1373","113 PENNSYLVANIA AVE","N","N SIXTH ST","0","S","43.103377","-89.358178","B","0","1","1","5","4","","","Y","","","","","","","Y","","","","","","","","",""
01L0245X0Z,"MADISON POLICE DEPARTMENT","07/11/2019","7","DANE","13","MADISON","C","1373","OLD SAUK RD","","N GAMMON RD","0","","43.076627","-89.502405","C","0","1","1","5","4","","","Y","","","","","","","Y","","","","Y","","","","",""
01L0FW8HK2,"MADISON POLICE DEPARTMENT","07/17/2019","16","DANE","13","MADISON","C","1373","151","S","151 PARKING LOT","0","","43.04177","-89.394111","O","0","0","1","7","1","","","Y","","","","","","","Y","","Y","","","","","","",""
01L01VRP3L,"MADISON POLICE DEPARTMENT","07/19/2019","14","DANE","13","MADISON","C","1373","E JOHNSON ST (1)","","N FRANKLIN ST","0","","43.080048","-89.382453","B","0","1","1","5","4","","","Y","","","","","","","Y","","","","","","","","",""
01L01X0Q6Q,"MADISON POLICE DEPARTMENT","07/20/2019","12","DANE","13","MADISON","C","1373","N FAIRCHILD ST","","S FAIRCHILD ST",".01","N","43.073318","-89.386291","C","0","1","1","5","4","","","Y","","","","","","","Y","","","","","","","","",""
01L07D6N2S,"MADISON POLICE DEPARTMENT","07/23/2019","16","DANE","13","MADISON","C","1373","WATTS RD","","STRUCK ST","0","","43.050053","-89.495885","B","0","1","1","1","9","","","Y","","","","","","","Y","","","","","","","","Y",""
01L013B00H,"MADISON POLICE DEPARTMENT","08/09/2019","18","DANE","13","MADISON","C","1373","SHOPKO DR","","ABERG AVE",".07","N","43.1115","-89.347366","B","0","1","1","5","4","","","Y","","","","","","Y","Y","","","","","","","","",""
01L08G9LWK,"MADISON POLICE DEPARTMENT","08/11/2019","17","DANE","13","MADISON","C","1373","S WHITNEY WAY","","GILBERT RD","0","S","43.044385","-89.473795","A","0","1","1","1","1","","","Y","","","","","","","Y","","","","","","","","",""
01L048CTNT,"MADISON POLICE DEPARTMENT","08/18/2019","15","DANE","13","MADISON","C","1373","REGENT ST","","S PARK ST","0","","43.067631","-89.40098","B","0","1","1","1","1","","","Y","","","","","","","Y","","","","","","","","",""
01L01VRP3V,"MADISON POLICE DEPARTMENT","08/22/2019","17","DANE","13","MADISON","C","1373","N BLOUNT ST","","E GORHAM ST","0","","43.082595","-89.380595","B","0","1","1","5","1","","","Y","","","","","","","Y","","","","","","","","",""
01L05BGSG3,"MADISON POLICE DEPARTMENT","08/28/2019","9","DANE","13","MADISON","C","1373","AB BUCKEYE RD","","VONDRON RD","0","","43.073411","-89.291486","O","0","0","1","5","4","","","Y","","","","","","","Y","","","","","","","","Y",""
01L0HG5WRW,"MADISON POLICE DEPARTMENT","09/01/2019","16","DANE","13","MADISON","C","1373","N RANDALL AVE","","UNIVERSITY AVE","0","S","43.073302","-89.409006","O","0","0","1","5","4","","","Y","","","","","","","Y","","","","","","","","",""
01L0CF6953,"MADISON POLICE DEPARTMENT","09/05/2019","23","DANE","13","MADISON","C","1373","PARKSIDE DR","N","151 E WASHINGTON AVE",".01","S","43.122535","-89.315651","C","0","1","1","6","4","","","Y","","","","","","","Y","","Y","","Y","","","","",""
01L0HG5WRX,"MADISON POLICE DEPARTMENT","09/06/2019","8","DANE","13","MADISON","C","1373","UNIVERSITY AVE","","WALNUT ST (1)",".01","W","43.072286","-89.42568","O","0","0","1","1","9","","","Y","","","","","","","Y","","","","","","","","",""
01L01X0Q70,"MADISON POLICE DEPARTMENT","09/11/2019","11","DANE","13","MADISON","C","1373","E DAYTON ST","","N BLAIR ST","0","","43.080036","-89.380686","A","0","1","1","5","1","","","Y","","","","","","","Y","","","","","","","","",""
01L03XHJN2,"MADISON POLICE DEPARTMENT","09/13/2019","17","DANE","13","MADISON","C","1373","PIPING ROCK RD","","SAYBROOK RD","0","","43.041716","-89.478469","A","0","1","1","5","1","","","Y","","","","","","","Y","","","","","","","","Y",""
01L01VRP42,"MADISON POLICE DEPARTMENT","09/18/2019","14","DANE","13","MADISON","C","1373","151 E WASHINGTON AVE","N","N LIVINGSTON ST",".01","W","43.081021","-89.375297","B","0","1","1","5","1","","","Y","","","","","","","Y","","","","","","","","",""
01L00XCTJX,"MADISON POLICE DEPARTMENT","09/18/2019","19","DANE","13","MADISON","C","1373","TREE LN","","MINERAL POINT RD (1)",".01","N","43.060614","-89.519791","B","0","1","1","5","1","","","Y","","","","","","","Y","","","","","","","","",""
01L01Z7RB7,"MADISON POLICE DEPARTMENT","09/22/2019","21","DANE","13","MADISON","C","1373","151 E WASHINGTON AVE","N","S INGERSOLL ST","0","","43.084761","-89.369723","B","0","1","1","2","4","","","Y","","","","","","","Y","","","","","","","","",""
01L0HG5WS8,"MADISON POLICE DEPARTMENT","09/25/2019","8","DANE","13","MADISON","C","1373","REGENT ST","","MONROE ST","0","","43.067807","-89.412734","B","0","1","1","5","1","","","Y","","","","","","","Y","","","","","","","Y","",""
01L0DJJ91T,"MADISON POLICE DEPARTMENT","10/04/2019","8","DANE","13","MADISON","C","1373","OHIO AVE","","SAINT PAUL AVE",".02","S","43.094184","-89.347311","B","0","1","1","5","4","","","Y","","","","","Y","","Y","","","","","","","","",""
01L03W8HW2,"MADISON POLICE DEPARTMENT","10/06/2019","6","DANE","13","MADISON","C","1373","MCKENNA BLVD","","HAMMERSLEY RD",".08","W","43.038835","-89.501404","B","0","1","1","5","1","","","Y","","","Y","","","","Y","","","","","","","","",""
01L0G0ZM0J,"MADISON POLICE DEPARTMENT","10/08/2019","21","DANE","13","MADISON","C","1373","151 N SHORE DR","N","JOHN NOLEN DR",".01","W","43.066969","-89.385937","B","0","1","1","5","4","","","Y","","","","","","","Y","","","","","","","","Y",""
01L0H6RP47,"MADISON POLICE DEPARTMENT","10/08/2019","15","DANE","13","MADISON","C","1373","S SEGOE RD","","MINERAL POINT RD (1)",".01","N","43.060998","-89.457551","B","0","1","1","5","4","","","Y","","","","","","","Y","","","","","","","","",""
01L01L4FCH,"MADISON POLICE DEPARTMENT","10/10/2019","18","DANE","13","MADISON","C","1373","ERIN ST","","S BROOKS ST","0","","43.059857","-89.402442","B","0","1","1","5","4","","","Y","","","","","","","Y","","","","","","","","Y",""
01L0G9LVS0,"MADISON POLICE DEPARTMENT","10/20/2019","15","DANE","13","MADISON","C","1373","WALTER ST","","HARGROVE ST",".04","S","43.091193","-89.327871","B","0","1","1","5","9","","","Y","","","","","","","Y","","","","","","","","Y",""
01L0DJJ91V,"MADISON POLICE DEPARTMENT","10/23/2019","19","DANE","13","MADISON","C","1373","UNIVERSITY AVE","","N FRANCES ST","0","","43.073187","-89.395831","B","0","1","1","5","1","","","Y","","","","","","Y","Y","","","","","","","","",""
01L01VRP4C,"MADISON POLICE DEPARTMENT","10/29/2019","15","DANE","13","MADISON","C","1373","E GORHAM ST","","N BREARLY ST",".01","W","43.0863","-89.375344","B","0","1","1","0","1","","","Y","","","","","","","Y","","","","","","","","Y",""
01L01NLHL2,"MADISON POLICE DEPARTMENT","10/30/2019","6","DANE","13","MADISON","C","1373","W WASHINGTON AVE","","S BASSETT ST","0","","43.070089","-89.390663","O","0","0","1","2","4","","","Y","","","","","","","Y","","","","","","","","",""
01L01L4FCM,"MADISON POLICE DEPARTMENT","11/05/2019","15","DANE","13","MADISON","C","1373","W JOHNSON ST","","N MILLS ST","0","","43.07214","-89.404069","A","0","1","1","6","9","","","Y","","","","","","","Y","","Y","","","","","","",""
01L0C0TX0C,"MADISON POLICE DEPARTMENT","11/29/2019","7","DANE","13","MADISON","C","1373","HIGHLAND AVE","","UNIVERSITY AVE",".01","S","43.072004","-89.428643","B","0","1","1","5","4","","","Y","","","","","","","Y","","","","","","","","",""
01L0H97RB6,"MADISON POLICE DEPARTMENT","12/12/2019","1","DANE","13","MADISON","C","1373","N FAIR OAKS AVE","","COMMERCIAL AVE SERVICE RD","0","","43.106948","-89.330614","C","0","1","1","5","4","","","Y","","","","","","","Y","","","","","","","","",""
01L0TS2DVH,"MADISON POLICE DEPARTMENT","02/10/2020","18","DANE","13","MADISON","C","1373","REGENT ST","","N SPOONER ST","0","","43.067831","-89.416721","B","0","1","1","2","1","","","Y","","","","","","","Y","","","","","","","","Y",""
01L0TVJ8W3,"MADISON POLICE DEPARTMENT","03/15/2020","0","DANE","13","MADISON","C","1373","N BROOKS ST","","UNIVERSITY AVE",".01","S","43.0732","-89.402476","C","0","1","1","3","4","","","Y","","","","","","","Y","","Y","","","","","","",""
01L013B01L,"MADISON POLICE DEPARTMENT","03/17/2020","12","DANE","13","MADISON","C","1373","151 N SHORE DR","N","JOHN NOLEN DR",".01","W","43.066969","-89.385938","C","0","1","1","5","1","","","Y","","","","","Y","","Y","","","","","","","","",""
01L0GBTWV7,"MADISON POLICE DEPARTMENT","04/08/2020","13","DANE","13","MADISON","C","1373","AB BUCKEYE RD","","CAMDEN RD","0","","43.073566","-89.311774","B","0","1","1","5","1","","","Y","","","","","","","Y","","","","","","","","",""
01L014K15S,"MADISON POLICE DEPARTMENT","04/18/2020","18","DANE","13","MADISON","C","1373","UNIVERSITY AVE","","N MILLS ST","0","","43.073315","-89.404096","A","0","1","1","5","4","","","Y","","","","","","","Y","","","","","","","","Y",""
01L0F2KRBD,"MADISON POLICE DEPARTMENT","04/29/2020","10","DANE","13","MADISON","C","1373","051","N","COTTAGE GROVE RD",".01","N","43.084124","-89.310138","B","0","1","1","1","4","","","Y","","","","","","","Y","","","","","","","","",""
01L084FB1H,"MADISON POLICE DEPARTMENT","05/24/2020","14","DANE","13","MADISON","C","1373","S MINERAL POINT RD","","N PLEASANT VIEW RD",".01","E","43.060496","-89.537039","A","0","1","1","5","1","","","Y","","","","","","","Y","","","","","","","","",""
01L0HT97RR,"MADISON POLICE DEPARTMENT","05/30/2020","14","DANE","13","MADISON","C","1373","S FEW ST","","WILLIAMSON ST","0","","43.083271","-89.36428","O","0","0","1","5","1","","","Y","","","","","","","Y","","","","","","","","",""
01L01X0Q82,"MADISON POLICE DEPARTMENT","06/01/2020","17","DANE","13","MADISON","C","1373","S FEW ST","","SPAIGHT ST",".01","S","43.081887","-89.362517","A","0","1","1","1","1","","","Y","","","","","","","Y","","","","","","","","Y",""
01L0CTJN0M,"MADISON POLICE DEPARTMENT","06/09/2020","8","DANE","13","MADISON","C","1373","W WINGRA DR","S","151","0","","43.049217","-89.394125","B","0","1","1","1","1","","","Y","","Y","","","","","Y","","","","","","","","",""
01L02PGFJ7,"MADISON POLICE DEPARTMENT","06/19/2020","16","DANE","13","MADISON","C","1373","SUMMERTOWN DR","","RESTON HEIGHTS DR","0","S","43.098363","-89.263862","C","0","1","1","5","1","","","Y","","","","","","","Y","","","","","","","","Y",""
01L0FQBC7T,"MADISON POLICE DEPARTMENT","06/22/2020","8","DANE","13","MADISON","C","1373","ATLAS AVE","","LUMBERMANS TRL",".01","N","43.084272","-89.306946","B","0","1","1","1","1","","","Y","","","","","","","Y","","","","","","","","",""
01L020GSGP,"MADISON POLICE DEPARTMENT","06/30/2020","13","DANE","13","MADISON","C","1373","MORRISON ST","","S DICKINSON ST","0","E","43.083183","-89.35729","B","0","1","1","5","1","","","Y","","","","","","","Y","","","","","","","","",""
01L01Z7RBW,"MADISON POLICE DEPARTMENT","07/16/2020","22","DANE","13","MADISON","C","1373","E JOHNSON ST","","N FRANKLIN ST",".01","W","43.079985","-89.382546","A","0","1","1","5","1","","","Y","","","","","","","Y","","","","","","","","",""
01L01713F4,"MADISON POLICE DEPARTMENT","08/02/2020","14","DANE","13","MADISON","C","1373","N SHERMAN AVE","S","113","0","S","43.130569","-89.363508","B","0","1","1","1","1","","","Y","","","","","","","Y","","","","","","","","",""
01L0FV1GK5,"MADISON POLICE DEPARTMENT","09/06/2020","14","DANE","13","MADISON","C","1373","N RANDALL AVE","","UNIVERSITY AVE",".01","S","43.073278","-89.409005","O","0","0","1","0","1","","","Y","","","","","","","Y","","","","","","","","",""
01L01L4FD3,"MADISON POLICE DEPARTMENT","09/10/2020","12","DANE","13","MADISON","C","1373","HIGHLAND AVE","","CAMPUS DR","0","","43.072956","-89.428765","C","0","1","1","1","4","","","Y","","","","","","","Y","","","","Y","","","","",""
01L0F3SSL2,"MADISON POLICE DEPARTMENT","09/14/2020","20","DANE","13","MADISON","C","1373","S MILLS ST","","N MILLS ST","0","S","43.067665","-89.404048","A","0","1","1","5","1","","","Y","","","","","","","Y","","","","","","","","",""
01L02RXHQJ,"MADISON POLICE DEPARTMENT","09/17/2020","20","DANE","13","MADISON","C","1373","151 E WASHINGTON AVE","N","151","0","","43.102793","-89.345057","B","0","1","1","1","1","","","Y","","","","","","","Y","","","","","","","","",""
01L0H0LHK7,"MADISON POLICE DEPARTMENT","09/18/2020","17","DANE","13","MADISON","C","1373","N SHERMAN AVE","","113",".14","S","43.128662","-89.363512","C","0","1","1","1","1","","","Y","","","","","","","Y","","","","","","","","",""
01L0K3KD79,"MADISON POLICE DEPARTMENT","09/19/2020","17","DANE","13","MADISON","C","1373","S BROOM ST","S","151 JOHN NOLEN DR","0","W","43.068382","-89.384864","B","0","1","1","5","4","","","Y","","","","","","","Y","","","","Y","","","","",""
01L1HS26N3,"MADISON POLICE DEPARTMENT","10/07/2020","18","DANE","13","MADISON","C","1373","E JOHNSON ST","","N BUTLER ST","0","W","43.07892","-89.384068","O","0","0","1","5","1","","","Y","","","","","","","Y","","","","Y","","","","",""
5JL2C22XX8,"TOWN OF MADISON POLICE DEPT","10/07/2020","9","DANE","13","MADISON","T","1316","MC","","MM RIMROCK",".01","W","43.046766","-89.374307","B","0","1","1","5","1","","","Y","","","","","","","Y","","","","","","","","",""
01L03RKD6X,"MADISON POLICE DEPARTMENT","10/21/2020","19","DANE","13","MADISON","C","1373","LORCH ST","","UNIVERSITY AVE","0","S","43.073313","-89.409546","B","0","1","1","3","1","","","Y","","","","","","","Y","","Y","","","","","","",""
01L01VRP6F,"MADISON POLICE DEPARTMENT","10/21/2020","19","DANE","13","MADISON","C","1373","N LAKE ST","","W DAYTON ST","0","N","43.070964","-89.397497","B","0","1","1","3","1","","","Y","","Y","","","","","Y","","Y","","","","","","Y",""
01L0C713TH,"MADISON POLICE DEPARTMENT","10/22/2020","6","DANE","13","MADISON","C","1373","DUNNING ST","","ATWOOD AVE",".01","S","43.093055","-89.349406","B","0","1","1","5","1","","","Y","","","","","","","Y","","","","","","","","",""
01L062PGFM,"MADISON POLICE DEPARTMENT","11/11/2020","18","DANE","13","MADISON","C","1373","SIDNEY ST","","SHERMAN AVE",".01","E","43.091343","-89.373408","B","0","1","1","0","4","","","Y","","","","","","","Y","","","","","","","","",""
01L0H1TJQB,"MADISON POLICE DEPARTMENT","11/12/2020","19","DANE","13","MADISON","C","1373","AB BUCKEYE RD","","MAHER AVE","0","E","43.073681","-89.312893","C","0","1","1","1","4","","","Y","","","","","","","Y","","","","","","","","",""
01L0CTJN15,"MADISON POLICE DEPARTMENT","11/29/2020","8","DANE","13","MADISON","C","1373","W LAKESIDE ST","S","151 S PARK ST","0","E","43.056154","-89.398019","B","0","1","1","1","1","","","Y","","","","","","","Y","","","","","","","","",""
01L0J1GFC6,"MADISON POLICE DEPARTMENT","03/03/2021","15","DANE","13","MADISON","C","1373","WALTER ST","","HARGROVE ST","0","N","43.091634","-89.327374","C","0","1","1","5","4","","","Y","","","","","","","Y","","","","","","","","Y",""
01L0TS2F2N,"MADISON POLICE DEPARTMENT","03/05/2021","18","DANE","13","MADISON","C","1373","COTTAGE GROVE RD","","COTTAGE CT",".01","E","43.083894","-89.313045","B","0","1","1","1","1","","","Y","","","","","","","Y","","","","","","","","",""
01L01VRP6X,"MADISON POLICE DEPARTMENT","04/01/2021","9","DANE","13","MADISON","C","1373","151 JOHN NOLEN DR","N","151","0","","43.068257","-89.384599","A","0","1","1","5","1","","","Y","","","","","","","Y","","","","","","","","Y",""
01L01Z7RCF,"MADISON POLICE DEPARTMENT","04/29/2021","10","DANE","13","MADISON","C","1373","S BLOUNT ST","","WILLIAMSON ST","0","S","43.076965","-89.373198","A","0","1","1","1","1","","","Y","","","","","","","Y","","","","","","","","Y",""
01L1JXM7RC,"MADISON POLICE DEPARTMENT","05/07/2021","10","DANE","13","MADISON","C","1373","151","","151 E WASHINGTON AVE",".01","S","43.10663","-89.339255","C","0","1","1","5","9","","","Y","","","","","","","Y","","","","","","","","Y",""
01L0NQ6N0J,"MADISON POLICE DEPARTMENT","05/10/2021","16","DANE","13","MADISON","C","1373","N BROOM ST","","STATE ST",".02","S","43.07462","-89.39315","B","0","1","1","0","1","","","Y","","","","","","","Y","","","","","","","Y","",""
01L01TJN41,"MADISON POLICE DEPARTMENT","05/12/2021","6","DANE","13","MADISON","C","1373","COTTAGE GROVE RD","","ATWOOD AVE","0","E","43.083672","-89.324933","B","0","1","1","5","4","","","Y","","","","","","","Y","","","","","","","","",""
01L020GSH8,"MADISON POLICE DEPARTMENT","05/13/2021","17","DANE","13","MADISON","C","1373","PD MCKEE RD","","MUIR FIELD RD",".01","E","43.015784","-89.511305","B","0","1","1","5","4","","","Y","","","","","","","Y","","","","","","","","",""
01L0C0TX1D,"MADISON POLICE DEPARTMENT","05/17/2021","17","DANE","13","MADISON","C","1373","N THOMPSON DR","","LIEN RD","0","E","43.121182","-89.299011","B","0","1","1","1","1","","","Y","","","","","","","Y","","","","","","","","",""
01L0FLM7VG,"MADISON POLICE DEPARTMENT","05/22/2021","15","DANE","13","MADISON","C","1373","N SECOND ST","","113","0","E","43.095472","-89.360363","A","0","1","1","5","1","","","Y","","","","","","","Y","","","","","","","","",""
01L0DRXHPB,"MADISON POLICE DEPARTMENT","05/22/2021","15","DANE","13","MADISON","C","1373","OLINTURVILLE CT","","E LAKESIDE ST","0","S","43.055721","-89.380699","O","0","0","1","0","1","","","Y","","","","","","","Y","","","","","","","","",""
01L0TVJ8WM,"MADISON POLICE DEPARTMENT","05/25/2021","0","DANE","13","MADISON","C","1373","N FRANCES ST","","UNIVERSITY AVE","0","S","43.073128","-89.395832","B","0","1","1","8","1","","","Y","","","","","","","Y","","","","Y","","","","",""
01L00W4SPC,"MADISON POLICE DEPARTMENT","06/03/2021","9","DANE","13","MADISON","C","1373","STATE ST","","N LAKE ST","0","E","43.074896","-89.397365","O","0","0","1","5","4","","","Y","","","","","","","Y","","","","","","","","",""
01L020GSHC,"MADISON POLICE DEPARTMENT","06/13/2021","16","DANE","13","MADISON","C","1373","MINERAL POINT RD","","S HIGH POINT RD",".01","E","43.060531","-89.517364","B","0","1","1","3","1","","","Y","","","","","","","Y","","Y","","","","","","",""
01L0G8CTKD,"MADISON POLICE DEPARTMENT","06/17/2021","15","DANE","13","MADISON","C","1373","PAWLING ST","","HOARD ST","0","S","43.105149","-89.346455","B","0","1","1","5","9","","","Y","","","","","","","Y","","","","","","","","",""
01L084FB2G,"MADISON POLICE DEPARTMENT","06/17/2021","8","DANE","13","MADISON","C","1373","RED TAIL DR","","SHADOW WOOD DR","0","","43.031765","-89.552804","B","0","1","1","1","1","","","Y","","","","","","","Y","","","","","","","","",""
01L1JJ8VNQ,"MADISON POLICE DEPARTMENT","06/26/2021","16","DANE","13","MADISON","C","1373","E MAIN ST","","S BUTLER ST","0","W","43.075892","-89.380126","O","0","0","1","5","1","","","Y","","","","","","","Y","","","","","","","","",""
01L0H0LHKF,"MADISON POLICE DEPARTMENT","06/28/2021","17","DANE","13","MADISON","C","1373","MONROE ST","","REGENT ST",".01","W","43.067696","-89.412909","B","0","1","1","5","1","","","Y","","","","","","","Y","","","","","","","","",""
01L0FLM7VK,"MADISON POLICE DEPARTMENT","06/29/2021","19","DANE","13","MADISON","C","1373","DIVISION ST","","EASTWOOD DR",".01","S","43.092374","-89.351049","C","0","1","1","5","1","","","Y","","","","","Y","","Y","","","","","","","","",""
01L0F2KRCV,"MADISON POLICE DEPARTMENT","07/02/2021","6","DANE","13","MADISON","C","1373","151","","151 E WASHINGTON AVE","0","N","43.102288","-89.346433","K","1","0","1","5","4","","","Y","","","","","","","Y","","","","","","Y","","",""
01L0H1TJRC,"MADISON POLICE DEPARTMENT","07/08/2021","16","DANE","13","MADISON","C","1373","WEST CORPORATE DR","","MILWAUKEE ST","0","N","43.09829","-89.321531","B","0","1","1","5","1","","","Y","","","","","","","Y","","","","","","","","Y",""
01L1JXM7RG,"MADISON POLICE DEPARTMENT","07/09/2021","11","DANE","13","MADISON","C","1373","ATWOOD AVE","","DUNNING ST","0","E","43.093208","-89.349425","A","0","1","1","5","1","","","Y","","","Y","","","","Y","","","","","","","","",""
01L0FDG28N,"MADISON POLICE DEPARTMENT","07/16/2021","10","DANE","13","MADISON","C","1373","RIMROCK RD","","MC JOHN NOLEN DR",".01","N","43.046817","-89.374099","B","0","1","1","1","4","","","Y","","","","","","","Y","","","","","","","","",""
01L03XHJR6,"MADISON POLICE DEPARTMENT","07/24/2021","7","DANE","13","MADISON","C","1373","S BLAIR ST","N","151 S BLAIR ST",".02","S","43.075868","-89.375271","B","0","1","1","0","1","","","Y","","","","","","","Y","","","","","","","","",""
01L0C4K14M,"MADISON POLICE DEPARTMENT","07/26/2021","15","DANE","13","MADISON","C","1373","KNUTSON DR","","WESTPORT RD","0","E","43.141679","-89.39445","B","0","1","1","2","1","","","Y","","","","","","","Y","","","","","","","","",""
01L0TS2F3X,"MADISON POLICE DEPARTMENT","08/02/2021","17","DANE","13","MADISON","C","1373","113 1ST ST","","E JOHNSON ST","0","E","43.094192","-89.362096","B","0","1","1","5","1","","","Y","","","","","","","Y","","","","","","","","Y",""
01L12WMLX5,"MADISON POLICE DEPARTMENT","08/02/2021","8","DANE","13","MADISON","C","1373","N BUTLER ST","","E MIFFLIN ST",".01","S","43.077574","-89.382275","B","0","1","1","5","1","","","Y","","","","","","","Y","","","","","","","","Y",""
01L01VRP7K,"MADISON POLICE DEPARTMENT","08/14/2021","12","DANE","13","MADISON","C","1373","N MILLS ST","","W DAYTON ST","0","","43.070929","-89.40409","B","0","1","1","5","1","","","Y","","","","","","","Y","","","","","","","","",""
01L00W4SPR,"MADISON POLICE DEPARTMENT","08/26/2021","18","DANE","13","MADISON","C","1373","151 N SHORE DR","","JOHN NOLEN DR",".01","W","43.066977","-89.385835","O","0","0","1","0","1","","","Y","","","","","Y","","Y","","","","","","","","",""
01L02CL4H2,"MADISON POLICE DEPARTMENT","08/29/2021","16","DANE","13","MADISON","C","1373","LUMBERMANS TRL","","COTTAGE GROVE RD",".01","S","43.083997","-89.306903","C","0","1","1","5","1","","","Y","","","","","","","Y","","","","","","","","",""
01L03MV8Z0,"MADISON POLICE DEPARTMENT","08/29/2021","14","DANE","13","MADISON","C","1373","ODANA RD","","GRAND CANYON DR",".01","W","43.056589","-89.49663","B","0","1","1","5","4","","","Y","","","","","","","Y","","","","","","","Y","",""
01L0NQ6N15,"MADISON POLICE DEPARTMENT","09/01/2021","13","DANE","13","MADISON","C","1373","MS UNIVERSITY AVE","","N SEGOE RD","0","","43.075292","-89.456891","C","0","1","1","5","1","","","Y","","","","","","","Y","","","","","","Y","","Y",""
01L02T5JRC,"MADISON POLICE DEPARTMENT","09/03/2021","17","DANE","13","MADISON","C","1373","N ORCHARD ST","","UNIVERSITY AVE",".01","S","43.073249","-89.407368","B","0","1","1","5","4","","","Y","","","","","","","Y","","","","","","","","",""
01L02RXHS2,"MADISON POLICE DEPARTMENT","09/05/2021","15","DANE","13","MADISON","C","1373","ATWOOD AVE","","WALTER ST",".01","W","43.089484","-89.329591","B","0","1","1","5","4","","","Y","","","","","","","Y","","","","","","","","Y",""
01L0W8HJVH,"MADISON POLICE DEPARTMENT","09/16/2021","13","DANE","13","MADISON","C","1373","UNIVERSITY AVE","","HILL ST","0","","43.075203","-89.443669","B","0","1","1","1","1","","","Y","","","","","","","Y","","","","","","","Y","",""
01L1JJ8VPC,"MADISON POLICE DEPARTMENT","09/30/2021","14","DANE","13","MADISON","C","1373","151 JOHN NOLEN DR","","JOHN NOLEN DR","0","","43.066979","-89.385805","B","0","1","1","1","4","","","Y","","","","","","","Y","","","","","","","","",""
5JL28HJN1Z,"TOWN OF MADISON POLICE DEPT","10/02/2021","14","DANE","13","MADISON","T","1316","D","","MARTIN ST",".01","N","43.043198","-89.403955","C","0","1","1","0","4","","","Y","","","","","","","Y","","","","","","","","",""
01L0TS2F4P,"MADISON POLICE DEPARTMENT","10/07/2021","11","DANE","13","MADISON","C","1373","N FRANCES ST","","UNIVERSITY AVE","0","","43.073219","-89.395785","B","0","1","1","5","4","","","Y","","","","","","","Y","","","","","","","","",""
01L04FB06F,"MADISON POLICE DEPARTMENT","10/14/2021","6","DANE","13","MADISON","C","1373","W DAYTON ST","","N CHARTER ST","0","","43.071029","-89.405695","B","0","1","1","5","4","","","Y","","","","","","","Y","","","","","","","","Y",""
01L1K3KD76,"MADISON POLICE DEPARTMENT","10/30/2021","14","DANE","13","MADISON","C","1373","151 S PARK ST","","151",".01","S","43.06086","-89.400659","C","0","1","1","5","4","","","Y","","","","","","","Y","","","","","","","","",""
01L0X1Z809,"MADISON POLICE DEPARTMENT","11/09/2021","8","DANE","13","MADISON","C","1373","S BLOUNT ST","","E WILSON ST","0","","43.077645","-89.374114","C","0","1","1","5","9","","","Y","","","","","","","Y","","","","","","","","",""
01L03DG297,"MADISON POLICE DEPARTMENT","11/15/2021","9","DANE","13","MADISON","C","1373","051 S STOUGHTON RD","","AB","0","","43.073363","-89.309912","C","0","1","1","5","4","","","Y","","","","","","","Y","","","","","","","Y","",""
01L0PGFB19,"MADISON POLICE DEPARTMENT","11/18/2021","12","DANE","13","MADISON","C","1373","W WASHINGTON AVE","","151 PROUDFIT ST",".09","E","43.067907","-89.393755","B","0","1","1","5","4","","","Y","","","","","","","Y","","","","","","","","Y",""
01L02T5JRK,"MADISON POLICE DEPARTMENT","11/19/2021","16","DANE","13","MADISON","C","1373","N PARK ST","","W DAYTON ST","0","","43.070962","-89.40081","C","0","1","1","0","1","","","Y","","","","","","","Y","","","","","","","","",""
01L0GZCGGN,"MADISON POLICE DEPARTMENT","12/01/2021","17","DANE","13","MADISON","C","1373","N PARK ST","","W DAYTON ST",".01","N","43.071069","-89.40075","O","0","0","1","5","4","","","Y","","","","","","","Y","","","","","","","Y","",""
01L01TJN57,"MADISON POLICE DEPARTMENT","12/13/2021","10","DANE","13","MADISON","C","1373","N SHERMAN AVE","","COMMERCIAL AVE","0","","43.106818","-89.363771","A","0","1","1","5","1","","","Y","","","","","","","Y","","","","","","","","",""
01L1JJ8VPH,"MADISON POLICE DEPARTMENT","12/17/2021","6","DANE","13","MADISON","C","1373","E MIFFLIN ST","","N BREARLY ST","0","","43.084361","-89.37275","B","0","1","1","5","1","","","Y","","","","","","","Y","","","","","","","","",""
01L1MN3P3G,"MADISON POLICE DEPARTMENT","02/01/2022","7","DANE","13","MADISON","C","1373","OLD SAUK RD","","WATERSIDE ST","0","","43.074852","-89.545423","B","0","1","1","1","4","","","Y","","","","","","","Y","","","","","","","","",""
01L0KRB01C,"MADISON POLICE DEPARTMENT","02/16/2022","22","DANE","13","MADISON","C","1373","051 N STOUGHTON RD","","151 E WASHINGTON AVE",".03","S","43.116411","-89.324255","B","0","1","1","1","4","","","Y","","","","","","","Y","","","","","","","","",""
01L04FB07B,"MADISON POLICE DEPARTMENT","04/18/2022","10","DANE","13","MADISON","C","1373","018 VERONA RD","","RAYMOND RD",".02","S","43.030721","-89.460961","O","0","0","1","0","1","","","Y","","","","","","","Y","","","","","","","Y","",""
01L1MRSSFL,"MADISON POLICE DEPARTMENT","06/06/2022","17","DANE","13","MADISON","C","1373","DRAKE ST","","151 S PARK ST","0","","43.062065","-89.400932","O","0","0","1","1","9","","","Y","","","","","","","Y","","","","","","","","",""
01L1JJ8VQ6,"MADISON POLICE DEPARTMENT","06/15/2022","14","DANE","13","MADISON","C","1373","S BROOM ST","","151 JOHN NOLEN DR",".01","W","43.068392","-89.384885","B","0","1","1","5","4","","","Y","","","","","","","Y","","","","","","","","",""
01L1N1713M,"MADISON POLICE DEPARTMENT","06/23/2022","15","DANE","13","MADISON","C","1373","W WINGRA DR","","151 S PARK ST","0","","43.049145","-89.393952","C","0","1","1","5","1","","","Y","","","","","","","Y","","","","","","","","",""
5JL2BDBC7P,"TOWN OF MADISON POLICE DEPT","07/02/2022","8","DANE","13","MADISON","T","1316","MM RIMROCK","","RUSK AVE E",".01","S","43.042548","-89.377447","A","0","1","1","5","4","","","Y","","","","","","","Y","","","","","","","","",""
01L0CZ7RG4,"MADISON POLICE DEPARTMENT","07/03/2022","13","DANE","13","MADISON","C","1373","REGENT ST","","S FRANKLIN AVE","0","","43.067969","-89.43627","A","0","1","1","5","4","","","Y","","","","","","","Y","","","","","","","","",""
01L1M2T5K6,"MADISON POLICE DEPARTMENT","07/06/2022","13","DANE","13","MADISON","C","1373","JUNCTION RD","","MINERAL POINT RD","0","","43.06022","-89.527428","B","0","1","1","1","9","","","Y","","","","","","","Y","","","","","","","","Y",""
01L0PGFB22,"MADISON POLICE DEPARTMENT","07/12/2022","17","DANE","13","MADISON","C","1373","EAST CAMPUS MALL","","REGENT ST",".01","N","43.067754","-89.399213","B","0","1","1","5","4","","","Y","","","","","","","Y","","","","","","","","",""
01L1PGFB01,"MADISON POLICE DEPARTMENT","07/12/2022","22","DANE","13","MADISON","C","1373","EASTWOOD DR","","DIVISION ST","0","","43.092414","-89.351067","O","0","0","1","1","32","","","Y","","","","","Y","","Y","","Y","","","","","Y","",""
01L1MDPGFC,"MADISON POLICE DEPARTMENT","07/12/2022","21","DANE","13","MADISON","C","1373","W DAYTON ST","","N BASSETT ST","0","","43.071548","-89.392593","O","0","0","1","0","1","","","Y","","","","","","","Y","","","","","","","","",""
01L0PGFB23,"MADISON POLICE DEPARTMENT","07/20/2022","7","DANE","13","MADISON","C","1373","W DAYTON ST","","N LAKE ST","0","","43.070972","-89.397497","B","0","1","1","5","4","","","Y","","","","","","","Y","","","","","","","","",""
01L1HHDXW2,"MADISON POLICE DEPARTMENT","07/30/2022","16","DANE","13","MADISON","C","1373","151 N SHORE DR","","JOHN NOLEN DR",".01","W","43.066971","-89.385915","B","0","1","1","5","1","","","Y","","","","","","","Y","","","","","","","","",""
01L0549LWF,"MADISON POLICE DEPARTMENT","08/19/2022","13","DANE","13","MADISON","C","1373","UNIVERSITY AVE","","N PARK ST","0","","43.07317","-89.400689","B","0","1","1","0","1","","","Y","","","","","","","Y","","","","","","","","",""
01L1LS5WRK,"MADISON POLICE DEPARTMENT","09/01/2022","17","DANE","13","MADISON","C","1373","S FEW ST","","WILLIAMSON ST","0","","43.083286","-89.36426","B","0","1","1","3","1","","","Y","","","","","","","Y","","Y","","","","","","",""
01L0TS2F6N,"MADISON POLICE DEPARTMENT","09/08/2022","17","DANE","13","MADISON","C","1373","E MIFFLIN ST","","N DICKINSON ST","0","","43.089368","-89.365518","B","0","1","1","5","1","","","Y","","","","","","","Y","","","","","","","","",""
01L0KNTWSM,"MADISON POLICE DEPARTMENT","09/08/2022","10","DANE","13","MADISON","C","1373","N CHARTER ST","","UNIVERSITY AVE","0","","43.073333","-89.405987","B","0","1","1","5","4","","","Y","","","","","","","Y","","","","","","","","",""
01L01VRP8G,"MADISON POLICE DEPARTMENT","09/10/2022","8","DANE","13","MADISON","C","1373","151 JOHN NOLEN DR","","151","0","","43.068211","-89.384625","B","0","1","1","1","1","","","Y","","","","","","","Y","","","","","","","","",""
01L0CZ7RGF,"MADISON POLICE DEPARTMENT","09/17/2022","20","DANE","13","MADISON","C","1373","MM RIMROCK RD","","MOORLAND RD","0","","43.035693","-89.379762","C","0","1","1","5","4","","","Y","","","","","","","Y","","","","","","","","Y",""
01L1N3P3BM,"MADISON POLICE DEPARTMENT","09/19/2022","14","DANE","13","MADISON","C","1373","UNIVERSITY AVE","","N RANDALL AVE","0","","43.073311","-89.409011","B","0","1","1","5","4","","","Y","","","","","","","Y","","","","","","","Y","",""
01L0HM427D,"MADISON POLICE DEPARTMENT","09/19/2022","13","DANE","13","MADISON","C","1373","W JOHNSON ST","","N CHARTER ST","0","","43.07216","-89.405684","B","0","1","1","5","4","","","Y","","","","","","","Y","","","","","","","","",""
01L0PGFB2D,"MADISON POLICE DEPARTMENT","10/04/2022","7","DANE","13","MADISON","C","1373","S BUTLER ST","","E MAIN ST","0","","43.075953","-89.380154","O","0","0","1","5","4","","","Y","","","","","","","Y","","","","","","","","",""
01L0T6RP3C,"MADISON POLICE DEPARTMENT","10/05/2022","9","DANE","13","MADISON","C","1373","W MAIN ST","","151 PROUDFIT ST","0","","43.066257","-89.393772","B","0","1","1","5","4","","","Y","","","","","","","Y","","","","","","","","Y",""
01L1JJ8VQW,"MADISON POLICE DEPARTMENT","10/07/2022","10","DANE","13","MADISON","C","1373","W MIFFLIN ST","","N FAIRCHILD ST","0","","43.074104","-89.387346","B","0","1","1","5","4","","","Y","","","","","","","Y","","","","","","","","",""
01L1P5S278,"MADISON POLICE DEPARTMENT","10/13/2022","9","DANE","13","MADISON","C","1373","W BELTLINE FRONTAGE RD S","","TODD DR",".01","W","43.03496","-89.42303","C","0","1","1","1","4","","","Y","","","","","","","Y","","","","","","","","",""
01L0549LWL,"MADISON POLICE DEPARTMENT","10/22/2022","16","DANE","13","MADISON","C","1373","151 E WASHINGTON AVE","","S LIVINGSTON ST","0","","43.080985","-89.375095","B","0","1","1","5","1","","","Y","","","","","","","Y","","","","","","","","",""
01L03XHJSD,"MADISON POLICE DEPARTMENT","10/24/2022","12","DANE","13","MADISON","C","1373","E WILSON ST","","WILLIAMSON ST","0","","43.075983","-89.376241","B","0","1","1","6","1","","","Y","","Y","Y","","","","Y","","Y","","","","","","",""
01L0Z2T5KC,"MADISON POLICE DEPARTMENT","10/24/2022","15","DANE","13","MADISON","C","1373","WRIGHT ST","","ANDERSON ST",".01","S","43.12005","-89.330426","B","0","1","1","5","4","","","Y","","","","","","","Y","","","","Y","","","","",""
01L1NSNQ6Z,"MADISON POLICE DEPARTMENT","10/27/2022","6","DANE","13","MADISON","C","1373","JOHN NOLEN DR","","151 JOHN NOLEN DR",".01","S","43.066826","-89.385791","K","1","0","1","5","4","Y","","Y","","","","","","","Y","","","","","","Y","","",""
01L1N3P3BZ,"MADISON POLICE DEPARTMENT","11/03/2022","16","DANE","13","MADISON","C","1373","COMMONWEALTH AVE","","HILLINGTON GREEN",".04","S","43.063203","-89.425699","B","0","1","1","5","4","","","Y","","","","","","","Y","","","","","","","","",""
01L0K3KD89,"MADISON POLICE DEPARTMENT","11/03/2022","15","DANE","13","MADISON","C","1373","W JOHNSON ST","","N BASSETT ST","0","","43.072297","-89.393502","B","0","1","1","5","1","","","Y","","","","","","","Y","","","","","","","","",""
01L1NSNQ73,"MADISON POLICE DEPARTMENT","11/17/2022","15","DANE","13","MADISON","C","1373","N BALDWIN ST","","151 E WASHINGTON AVE","0","","43.087394","-89.366304","B","0","1","1","5","4","","","Y","","","","","","","Y","","","","","","","","",""
